af95f8d7-11bb-4c55-830a-b734973933eb,b6f181cb-3a95-42a3-a163-f005bf7fb62c,pi_THHKCB1bcYpVV7LnmiHdGvfU,pi_THHKCB1bcYpVV7LnmiHdGvfU_client_uLJ8tvXyEtYtJs5JPH6o6J3L,fullPayment,gcash,f,0.00,0.00,2024-07-10 21:16:21.689,2024-07-10 21:16:21.689
5a28f85d-949d-49d6-9abe-8e61db6c4a78,06791058-116e-494a-b900-c749c4c89933,pi_FDyAsGiyX8mhsWGn47fAEBed,pi_FDyAsGiyX8mhsWGn47fAEBed_client_rMCqX7MFrhVfJi5tDLp4QfUK,fullPayment,paymaya,f,0.00,0.00,2024-07-10 21:17:03.5,2024-07-10 21:17:03.5
00e479f8-a224-4049-98c9-480e89c3c992,962188a8-114d-42b1-8294-a68de2fbabbd,pi_2QYxwyXhdmhw176HghV91kuz,pi_2QYxwyXhdmhw176HghV91kuz_client_rzhbrGgxF8C4oEyEkoo5DUbq,fullPayment,gcash,f,0.00,0.00,2024-07-10 21:18:20.18,2024-07-10 21:18:20.18
1ae3c600-614d-4d5d-a0e4-dab0313adbf8,e2f81a99-3e0f-4f65-bf81-8598c7f2f40a,pi_78eqv7RHCmUWVCshnqZTati2,pi_78eqv7RHCmUWVCshnqZTati2_client_L7GjmaJuGwjpdZ1KtVh1KysA,fullPayment,dob,f,0.00,0.00,2024-07-10 21:19:21.106,2024-07-10 21:19:21.106
4c73a51b-e151-4769-b7c3-c18915d31aac,1085bda8-eff5-4f4a-a53f-202125bf53bd,pi_RLb4RFDV5qC3hCAV1KDLEL5s,pi_RLb4RFDV5qC3hCAV1KDLEL5s_client_RLFGX172TGEFt3V2zSwjhmfi,fullPayment,gcash,f,0.00,0.00,2024-07-10 21:21:08.173,2024-07-10 21:21:08.173
4bc3ec22-3e57-4447-8fbd-b0173a01a8ad,e97d6cc9-0a10-45cf-81e1-b3b916a9da41,pi_hdvWCknsgU6WFpMsnpYhykwy,pi_hdvWCknsgU6WFpMsnpYhykwy_client_63bgwePyVgSJgiwriprnzQjc,fullPayment,paymaya,f,0.00,0.00,2024-07-10 21:22:57.545,2024-07-10 21:22:57.545
37334b78-67f4-48e3-8898-2fd0690b5670,97b066e9-43aa-499f-a98e-c8e54bb0408e,pi_skwxcdkXsfmWPQmZUSjtiiac,pi_skwxcdkXsfmWPQmZUSjtiiac_client_zsQZ9B6XSX8RckfAFARaTf3x,fullPayment,paymaya,f,0.00,0.00,2024-07-10 21:25:24.174,2024-07-10 21:25:24.174
b5c158c1-5e0c-4bd8-b63b-7dc549904c32,dcfa1f46-17cc-421a-9554-70cd206ed095,pi_h5SV9dE4aaucg25GrpEZz22H,pi_h5SV9dE4aaucg25GrpEZz22H_client_btLHKhLoELVMDkLTdyE6VHhH,fullPayment,dob,f,0.00,0.00,2024-07-10 21:26:37.59,2024-07-10 21:26:37.59
d6adf407-3d0e-4c22-b582-a98b035e69dd,10cb3945-bbbe-46a0-8941-667057a6df51,pi_1cWRPs1oamXCDzBrGkLsnEC1,pi_1cWRPs1oamXCDzBrGkLsnEC1_client_SDph9CbehJtqs5gWcgYCmTtH,fullPayment,paymaya,f,0.00,0.00,2024-07-10 21:28:27.932,2024-07-10 21:28:27.932
4fd5261e-85c3-499f-8889-9ae82720d2bc,5c115f04-037f-4b66-bcbb-fbe67ff26026,pi_Zt8sQwjydvbcAUNYcUmmv3g5,pi_Zt8sQwjydvbcAUNYcUmmv3g5_client_RtRVwmd45FYbhdBmzQEJF6f8,fullPayment,gcash,f,0.00,0.00,2024-07-10 21:31:14.757,2024-07-10 21:31:14.757
